ProfileId,computerNameStaticPrefix
0684a213-aa5e-489a-8c21-1a4c2098a24e,CLM000HDJ
9b76a28e-2c98-4550-b8f0-0d757c66e167,GZH000HDJ
d900bde7-2257-45de-ae26-6b6af9570503,GZM000HDJ
855da4d2-b97f-4743-aa86-b976f2c2a859,MNL000HDJ
0383c16f-a5fb-4ce4-806c-06e065880609,NDL000HDJ
ff2b590e-9a17-4ac9-8d9a-21b72770673b,SHG000HDJ
3be8ec33-dd0a-4520-a83c-68544a808c57,SLG000HDJ
ea475e28-ac45-4cca-bbcc-848804a50c04,SRD000HDJ
772b4e79-a6d7-4269-a382-6e0d1c645b6b,TAI000HDJ
321e4536-ef4c-4ab5-b543-87f7b5c49d92,TPE000HDJ
dba52aa8-e8df-4d1f-9cf9-62a1a168dec6,ALC000HDJ
55f0f8df-ce6f-4ae6-8442-e83e0f90765e,ALM000HDJ
072ce2f3-4761-4020-9f56-af0be2b9d600,AMS000HDJ
5cff5018-ae6f-4296-9fac-09b0d1122e88,ATH000HDJ
9d6241a6-4b86-42f3-867b-d6f23797c3ba,BDP000HDJ
707eeee7-d51b-4044-8f06-276b1679a518,BGE000HDJ
0aa25bb2-a3d0-4f63-8b8d-211b419bd753,BHK000HDJ
aaf13e27-6f19-4036-a933-9a25d88624e6,BHT000HDJ
d2ed4b58-6d3c-4faa-a643-5ef1f6af0102,BRA000HDJ
521ff09c-c15a-49ec-8e52-8188f886ee26,CAI000HDJ
b2708c63-cf68-4227-9688-7c7b13876b2c,CBA000HDJ
7ff3ad34-552f-4398-a8df-e30fd20b150e,CBY000HDJ
65bebf36-cf9c-43a0-933b-2abc7b5809c8,CJA000HDJ
a090262a-6b28-4d1d-b5e3-05741bcb4b16,CMO000HDJ
3cb1e08d-9cd5-45a8-bac1-63c9ad75bf4d,CSU000HDJ
835965aa-b62a-4172-830f-2154df32dd1e,FSC000HDJ
e986187a-b917-4dce-a745-824512d20b16,GAR000HDJ
d7e12fa6-f065-455b-aefd-05efa53ec4e2,HBM000HDJ
4be2d2ae-8a99-4462-be70-071f6aa6252b,HSI000HDJ
c34b26c9-0cc7-4e0c-baf5-c1a8f5d6e6d7,INL000HDJ
43981a42-fd48-47ea-9dbe-c4b0d603c1cd,JED000HDJ
f03938d6-7c64-48ba-a485-0fb7ae89dc6e,KIV000HDJ
8a83159a-dd03-4148-b43d-7470d71223bd,LCY000HDJ
c34fd35a-fa97-4324-bf3d-f75b55bd8046,LJU000HDJ
1dbc94db-c778-4d1f-a633-bc5cabc7aac7,MS1000HDJ
2379c562-906d-4fa0-9433-d0debb0a108c,MSC000HDJ
498b5c54-c082-4f28-af29-c07edbffd80a,NHT000HDJ
1efe53e0-59c5-4005-80c5-20ad7afe89fc,NRF000HDJ
1d649aa0-597b-4a18-8e1e-6ddd0cffe182,PRA000HDJ
9ffcf177-6ac9-471a-84c0-286f62349786,RGA000HDJ
e45b1cd4-1cc7-4710-a0ec-fdbed7ca3ee4,ROM000HDJ
eb4044bb-ccd6-4c56-9e9b-30b77c8ae2f3,SAO000HDJ
ee21a827-639c-44ca-9d93-55897fb4b06a,SFA000HDJ
5458e949-5a51-4301-ad6f-1b175b2889af,SNA000HDJ
8663fa38-0c21-4466-aa00-ab2288dfb978,SPE000HDJ
1f003b8a-6028-473f-b135-c6cab3efd74c,TBS000HDJ
9b7de78c-71d5-402c-b00f-30065291975e,TLN000HDJ
2bebfaf1-48eb-4605-88a5-f34e50d2e1fc,TRE000HDJ
e5eaebeb-85ad-48dd-be0a-0e7ed34b1645,VNS000HDJ
98c564a7-e2a3-4d9f-b1cc-e7e77426be79,WAW000HDJ
e77af498-77f6-4d28-810e-eda5bd0954d4,WST000HDJ
2d25347f-c26b-4ad0-a441-61775e6e504e,ZGH000HDJ
1aa7c390-371d-457d-beec-a6986ec10c22,DLS000HDJ
683cf764-c478-4ca0-93dc-43bc2d50cc7d,RYE000HDJ
d1df61d2-e723-4d0d-b90f-588f0196ca2d,SUF000HDJ
